filename,remark
TCGA-CL-4957-01Z-00-DX1.95ade564-bef3-4e82-af52-7d3a0a15b75d_33120_25856.jpeg,
TCGA-85-8052-01Z-00-DX1.26b66ae7-b73f-4263-85f7-e82dab5b657b_36544_28832.jpeg,
TCGA-N7-A4Y8-01Z-00-DX1.97A6AB74-559F-4DE4-8D7D-C3A2CE6E2231_64128_23616.jpeg,
TCGA-EC-A1QX-01Z-00-DX1.D94B9C3B-F06F-4300-B492-E2534AF4D703_54144_13152.jpeg,
TCGA-5P-A9K3-01Z-00-DX1.62D4F07B-C8DC-4502-8D85-58B1C58883B2_24544_148448.jpeg,
TCGA-BR-6707-01Z-00-DX1.fade928c-b514-43d8-90dd-37b505df9992_88928_41088.jpeg,
TCGA-ZB-A96F-01Z-00-DX1.78553E9D-BA82-49A3-9F78-C105276F7C45_26784_24064.jpeg,
TCGA-TM-A7C5-01Z-00-DX1.6B493BB3-6497-47AE-8D35-CC7C35868E6E_33984_36768.jpeg,
TCGA-E9-A1R5-01Z-00-DX1.b870d5eb-6259-4b49-86e4-569a9e32ecd5_35008_42496.jpeg,
TCGA-F5-6811-01Z-00-DX1.8959e075-c641-472e-88a4-0b6081f58ad9_32672_35264.jpeg,
TCGA-2G-AAFH-01Z-00-DX1.C52464EF-4CD0-4C07-BB08-64EDB8DCB041_52160_43584.jpeg,
TCGA-NJ-A4YP-01Z-00-DX1.148BFF66-4DC7-468C-8783-97F27C2E1245_57664_42208.jpeg,
TCGA-21-1076-01Z-00-DX1.533ca070-93e0-4d49-8770-8f42f341ca38_23520_1728.jpeg,
TCGA-12-3653-01Z-00-DX2.0ABC309A-EE6B-4346-B6F0-59BDB90E922F_71664_40528.jpeg,
TCGA-55-5899-01Z-00-DX1.faa65b08-150c-4c74-95aa-1e8743f0152c_33056_5152.jpeg,
TCGA-VV-A829-01Z-00-DX2.4E2AB800-C97E-4293-886B-28793FFBAB47_98976_5344.jpeg,
TCGA-N7-A4Y8-01Z-00-DX1.97A6AB74-559F-4DE4-8D7D-C3A2CE6E2231_57792_28960.jpeg,
TCGA-CV-5966-01Z-00-DX1.CEEEBE19-7A19-4023-9392-C1A08973B7C8_18336_11904.jpeg,
TCGA-CS-4944-01Z-00-DX1.9AD74191-4445-4E77-BD62-B09363C8BB2A_31744_39968.jpeg,
TCGA-12-0821-01Z-00-DX3.36A91C47-5A98-430A-BDE2-A70A02E6C837_19872_19504.jpeg,
TCGA-EJ-7330-01Z-00-DX1.f30d5d3a-b67e-432c-90db-e17e739438ed_45408_20576.jpeg,
TCGA-X7-A8DI-01Z-00-DX1.46EA3D94-103A-484A-8D55-DB59D3E6B313_106432_11072.jpeg,
TCGA-B1-A47M-01Z-00-DX1.B049A5A8-406C-4208-BB5E-2CA42D063D16_84448_31072.jpeg,
TCGA-21-1080-01Z-00-DX1.7afa55df-e460-406e-ae9a-43ac4a71d0b0_35808_26080.jpeg,
TCGA-86-8054-01Z-00-DX1.2c4c08f6-be1c-46d1-a719-5983cade0c54_44640_35104.jpeg,
TCGA-HW-7487-01Z-00-DX1.282f8f7a-b61e-45be-8490-adcecc97f326_32032_60192.jpeg,
TCGA-BR-6458-01Z-00-DX1.e889b058-99ab-4337-84a5-60a884caad55_8256_57824.jpeg,
TCGA-AO-A125-01Z-00-DX1.DFC45CE1-5D81-4C2B-9281-60E2F146DDB6_40688_24528.jpeg,
TCGA-MK-A84Z-01Z-00-DX1.AF30BB2E-875F-410F-B302-EE26A271CBDC_31488_68928.jpeg,
TCGA-CS-5395-01Z-00-DX1.389d3129-a006-4d96-bd0f-1f3240118e5b_74208_25408.jpeg,
TCGA-B1-A47M-01Z-00-DX1.B049A5A8-406C-4208-BB5E-2CA42D063D16_54240_45440.jpeg,
TCGA-B1-A47M-01Z-00-DX1.B049A5A8-406C-4208-BB5E-2CA42D063D16_65856_51776.jpeg,
TCGA-EB-A82C-01Z-00-DX1.11DBF5EC-C481-4F3D-A6EA-88644D7487A7_82848_55840.jpeg,
TCGA-B8-4143-01Z-00-DX1.44100402-0862-4e68-83fa-c8fb6536563a_23296_47456.jpeg,
TCGA-86-8054-01Z-00-DX1.2c4c08f6-be1c-46d1-a719-5983cade0c54_19328_6400.jpeg,
TCGA-21-1083-01Z-00-DX1.8288ca92-b611-4acf-986e-0b8a3f620b94_10176_24832.jpeg,
TCGA-44-6777-01Z-00-DX1.aca7b23d-a601-4476-8bfd-eb46f0b6a96e_97536_30752.jpeg,
TCGA-BJ-A0Z2-01Z-00-DX1.A3B544CF-A1DE-4887-9CBA-69EE3486CDFD_74688_73984.jpeg,
TCGA-06-0750-01Z-00-DX2.a8d7b719-b24c-4403-b977-cd38f1e39709_2016_28752.jpeg,
TCGA-HW-7487-01Z-00-DX1.282f8f7a-b61e-45be-8490-adcecc97f326_48096_58752.jpeg,
TCGA-CS-6669-01Z-00-DX1.B1D9D967-ED63-48F7-9E9F-12B3E74EB0E8_47648_15552.jpeg,
TCGA-BG-A0MS-01Z-00-DX1.F496EE7B-68E3-470B-8457-B01D705394C7_7232_65280.jpeg,
TCGA-D3-A51H-06Z-00-DX1.33682556-776F-42B4-BA36-05E973FF276E_27792_1936.jpeg,
TCGA-F4-6809-01Z-00-DX1.5ab8333f-0c77-4685-8701-4130a93e6f3a_82528_45824.jpeg,
TCGA-BR-7851-01Z-00-DX1.1f3a3b7d-0c1e-42af-9d5b-2a90b759eca9_30208_19296.jpeg,
TCGA-EB-A82C-01Z-00-DX1.11DBF5EC-C481-4F3D-A6EA-88644D7487A7_70592_57568.jpeg,
TCGA-BR-6707-01Z-00-DX1.fade928c-b514-43d8-90dd-37b505df9992_79616_57728.jpeg,
TCGA-HT-7687-01Z-00-DX3.C372372B-F306-448E-9941-060D645A3BC5_54528_50880.jpeg,
TCGA-21-1075-01Z-00-DX1.937872ae-4d6f-4d7a-b54f-b7e797cb84b0_12288_6944.jpeg,
TCGA-CJ-5681-01Z-00-DX1.103D5A1F-B07C-4090-8E3A-770514D2BBC4_48000_8800.jpeg,
TCGA-EB-A82C-01Z-00-DX1.11DBF5EC-C481-4F3D-A6EA-88644D7487A7_22176_25184.jpeg,
TCGA-QR-A6GR-01Z-00-DX1.67936957-F009-4B83-AC17-9C9D0B1F12E6_61120_14368.jpeg,
TCGA-N7-A4Y8-01Z-00-DX1.97A6AB74-559F-4DE4-8D7D-C3A2CE6E2231_42816_72736.jpeg,
TCGA-2G-AAFH-01Z-00-DX1.C52464EF-4CD0-4C07-BB08-64EDB8DCB041_19104_19552.jpeg,
TCGA-E9-A1R4-01Z-00-DX1.B04D5A22-8CE5-49FD-8510-14444F46894D_38176_10688.jpeg,
TCGA-BR-6458-01Z-00-DX1.e889b058-99ab-4337-84a5-60a884caad55_87296_45376.jpeg,
TCGA-CS-6667-01Z-00-DX1.48760481-6237-4876-AA57-612FDADFFC63_45184_16064.jpeg,
TCGA-BG-A0MS-01Z-00-DX1.F496EE7B-68E3-470B-8457-B01D705394C7_52032_55648.jpeg,
TCGA-E8-A242-01Z-00-DX1.9DDBB5BB-696E-4C61-BF4A-464062403F04_16384_8544.jpeg,
TCGA-VD-A8KI-01Z-00-DX1.E82FC46C-138C-4115-B81C-6A991FB753A2_42480_24512.jpeg,
TCGA-OR-A5LK-01Z-00-DX4.A7EF6459-643B-4735-AD52-97DD44335DF3_66336_65376.jpeg,
TCGA-HT-7687-01Z-00-DX3.C372372B-F306-448E-9941-060D645A3BC5_21472_10848.jpeg,
TCGA-ZB-A96F-01Z-00-DX1.78553E9D-BA82-49A3-9F78-C105276F7C45_60768_55136.jpeg,
TCGA-2G-AAFH-01Z-00-DX1.C52464EF-4CD0-4C07-BB08-64EDB8DCB041_41344_43200.jpeg,
TCGA-X7-A8DI-01Z-00-DX1.46EA3D94-103A-484A-8D55-DB59D3E6B313_109344_8640.jpeg,
TCGA-CS-4944-01Z-00-DX1.9AD74191-4445-4E77-BD62-B09363C8BB2A_67264_11776.jpeg,
TCGA-44-6777-01Z-00-DX1.aca7b23d-a601-4476-8bfd-eb46f0b6a96e_122400_20704.jpeg,
TCGA-CS-6186-01Z-00-DX1.0CF5363F-B6E6-459C-93FD-0BE69F18A51B_41888_35936.jpeg,
TCGA-85-8052-01Z-00-DX1.26b66ae7-b73f-4263-85f7-e82dab5b657b_32768_11776.jpeg,
TCGA-QR-A6GR-01Z-00-DX1.67936957-F009-4B83-AC17-9C9D0B1F12E6_27104_47072.jpeg,
TCGA-E9-A1RB-01Z-00-DX1.845074ea-43bc-4752-9dc0-fca72d2ab5de_8864_28384.jpeg,
TCGA-44-6777-01Z-00-DX1.aca7b23d-a601-4476-8bfd-eb46f0b6a96e_13568_49312.jpeg,
TCGA-BR-6457-01Z-00-DX1.387f0968-fcec-4864-86f8-9c87f658c371_74176_43840.jpeg,
TCGA-ET-A3BW-01Z-00-DX1.47FC42C7-267A-4188-ACDB-7B4473B6242D_44064_60928.jpeg,
TCGA-E9-A243-01Z-00-DX1.9A3B34E5-25EF-4243-8680-FABF2F1CCDA9_37568_13376.jpeg,
TCGA-QK-A64Z-01Z-00-DX4.370068FC-E205-494A-A5C1-0CBAFE2A28F2_48320_39200.jpeg,
TCGA-ZB-A96F-01Z-00-DX1.78553E9D-BA82-49A3-9F78-C105276F7C45_32192_29184.jpeg,
TCGA-02-0281-01Z-00-DX1.6db34ca2-a4f6-4efb-adfa-05bd51f9fda2_27344_20128.jpeg,
TCGA-EC-A1QX-01Z-00-DX1.D94B9C3B-F06F-4300-B492-E2534AF4D703_29536_61088.jpeg,
TCGA-B8-4143-01Z-00-DX1.44100402-0862-4e68-83fa-c8fb6536563a_28768_47104.jpeg,
TCGA-CS-6186-01Z-00-DX1.0CF5363F-B6E6-459C-93FD-0BE69F18A51B_34944_36672.jpeg,
TCGA-E9-A1R5-01Z-00-DX1.b870d5eb-6259-4b49-86e4-569a9e32ecd5_30240_21408.jpeg,
TCGA-2G-AAFH-01Z-00-DX1.C52464EF-4CD0-4C07-BB08-64EDB8DCB041_62656_46432.jpeg,
TCGA-E9-A1R5-01Z-00-DX1.b870d5eb-6259-4b49-86e4-569a9e32ecd5_23040_31520.jpeg,
TCGA-CS-6670-01Z-00-DX1.A767AC46-DA02-41C6-8829-AE53DB0F386E_46880_24320.jpeg,
TCGA-NJ-A4YP-01Z-00-DX1.148BFF66-4DC7-468C-8783-97F27C2E1245_9888_50880.jpeg,
TCGA-BG-A0MU-01Z-00-DX1.238034FC-5E19-4E70-9FAB-2B478FAA33D2_74304_18368.jpeg,
TCGA-E9-A243-01Z-00-DX1.9A3B34E5-25EF-4243-8680-FABF2F1CCDA9_21024_49824.jpeg,
TCGA-21-1080-01Z-00-DX1.7afa55df-e460-406e-ae9a-43ac4a71d0b0_33024_40480.jpeg,
TCGA-TM-A84J-01Z-00-DX1.35ED7469-4A53-4432-945F-69D714D7607F_19392_47584.jpeg,
TCGA-86-8054-01Z-00-DX1.2c4c08f6-be1c-46d1-a719-5983cade0c54_3264_40128.jpeg,
TCGA-BR-6457-01Z-00-DX1.387f0968-fcec-4864-86f8-9c87f658c371_45280_37568.jpeg,
TCGA-VV-A829-01Z-00-DX2.4E2AB800-C97E-4293-886B-28793FFBAB47_103680_77920.jpeg,
TCGA-EJ-5531-01Z-00-DX1.c6ca0cde-3ebc-4de9-8a53-e666239deba3_51392_25056.jpeg,
TCGA-5P-A9JV-01Z-00-DX1.E9472303-DC58-4CE5-8A91-CB9275BE0891_100128_56256.jpeg,
TCGA-CJ-5676-01Z-00-DX1.9B227E1C-E4E1-4E1B-97CB-A4B8F2D27DC6_33696_7520.jpeg,
TCGA-ET-A3BW-01Z-00-DX1.47FC42C7-267A-4188-ACDB-7B4473B6242D_60832_65440.jpeg,
TCGA-BG-A0MU-01Z-00-DX1.238034FC-5E19-4E70-9FAB-2B478FAA33D2_43392_6208.jpeg,
TCGA-D3-A5GL-06Z-00-DX1.94EB7EB4-7906-4D03-BBF3-D25BD7517D91_8752_1360.jpeg,
TCGA-D5-6926-01Z-00-DX1.3830423a-3587-432b-9a6c-84f838e49fe6_19424_11264.jpeg,
